Representation,AUROC,AP,Accuracy
RNASeq,0.6550387596899225,0.2028559686168382,0.8571428571428571
Methylation,0.6162790697674418,0.1705231810421151,0.8775510204081632
MM_Shared,0.4263565891472868,0.190931477899563,0.8571428571428571
