AUROC,AP,Accuracy
0.43410852713178294,0.27629105998671216,0.7959183673469388
