drop,auroc,ap,acc,delta_auroc,importance_rank
Clinical,0.6802721088435374,0.2928320045967105,0.8367346938775511,0.03401360544217691,0
none,0.7142857142857143,0.3992939600082457,0.8367346938775511,0.0,1
Methylation,0.7346938775510203,0.2658690343472952,0.7959183673469388,-0.020408163265306034,2
RNASeq,0.7687074829931972,0.306024531024531,0.8163265306122449,-0.05442176870748294,3
