Modalities,Eval,AUROC,AP,Accuracy
RNASeq,holdout,0.6734693877551021,0.21783441446754143,0.7755102040816326
RNASeq + Methylation,holdout,0.6802721088435374,0.2928320045967105,0.8367346938775511
RNASeq + Methylation + Clinical,holdout,0.7142857142857143,0.3992939600082457,0.8367346938775511
